{
  "version": "1.0.1",
  "platformVersion": "10.1.1",
  "creates": {
    "createLog": {
      "key": "createLog",
      "noun": "Create Log",
      "display": {
        "label": "Create Log",
        "description": "Create a log."
      },
      "operation": {
        "inputFields": [
          {
            "key": "message",
            "label": "Message",
            "required": false
          }
        ],
        "perform": "$func$2$f$"
      }
    }
  },
  "triggers": {},
  "searches": {},
  "searchOrCreates": {}
}